"","Model","RMSE"
"1","Naive","21.0838455723481"
"2","lm","13.6613867787928"
"3","600","12.2082602872197"
"4","500","12.1774303953305"
"5","400","12.1556785544528"
"6","300","12.124813766991"
"7","200","12.0967635771985"
"8","100","12.0871764865806"
"9","50","12.1092100846595"
